"TOA5","5264","CR1000","5264","CR1000.Std.10","CRD:KLRS_AWS_AUG_2012.CR1","34827","HalfHour"
"TIMESTAMP","RECORD","DT","BP"
"TS","RN","m","hPa(mb)"
"","","Smp","Smp"
"2012-08-04 17:30:00",0,1.792,924
"2012-08-04 18:00:00",1,1.794,924
"2012-08-04 18:30:00",2,1.792,923
"2012-08-04 19:00:00",3,1.794,923
"2012-08-04 19:30:00",4,1.793,923
"2012-08-04 20:00:00",5,1.794,922
"2012-08-04 20:30:00",6,1.794,922
"2012-08-04 21:00:00",7,1.795,922
"2012-08-04 21:30:00",8,1.796,922
"2012-08-04 22:00:00",9,1.805,922
"2012-08-04 22:30:00",10,1.81,922
"2012-08-04 23:00:00",11,1.805,922
"2012-08-04 23:30:00",12,1.809,922
"2012-08-05 00:00:00",13,1.81,921
"2012-08-05 00:30:00",14,1.812,921
"2012-08-05 01:00:00",15,1.816,921
"2012-08-05 01:30:00",16,1.815,921
"2012-08-05 02:00:00",17,1.812,921
"2012-08-05 02:30:00",18,1.811,921
"2012-08-05 03:00:00",19,1.817,921
"2012-08-05 03:30:00",20,1.818,920
"2012-08-05 04:00:00",21,1.816,920
"2012-08-05 04:30:00",22,1.817,920
"2012-08-05 05:00:00",23,1.816,921
"2012-08-05 05:30:00",24,1.815,920
"2012-08-05 06:00:00",25,1.814,920
"2012-08-05 06:30:00",26,1.815,920
"2012-08-05 07:00:00",27,1.814,920
"2012-08-05 07:30:00",28,1.811,920
"2012-08-05 08:00:00",29,1.811,920
"2012-08-05 08:30:00",30,1.81,920
"2012-08-05 09:00:00",31,1.81,920
"2012-08-05 09:30:00",32,1.809,920
"2012-08-05 10:00:00",33,1.809,920
"2012-08-05 10:30:00",34,1.808,920
"2012-08-05 11:00:00",35,1.807,920
"2012-08-05 11:30:00",36,1.804,920
"2012-08-05 12:00:00",37,1.803,920
"2012-08-05 12:30:00",38,1.8,920
"2012-08-05 13:00:00",39,1.798,920
"2012-08-05 13:30:00",40,1.796,920
"2012-08-05 14:00:00",41,1.795,920
"2012-08-05 14:30:00",42,1.798,920
"2012-08-05 15:00:00",43,1.794,920
"2012-08-05 15:30:00",44,1.794,920
"2012-08-05 16:00:00",45,1.793,920
"2012-08-05 16:30:00",46,1.792,920
"2012-08-05 17:00:00",47,1.794,920
"2012-08-05 17:30:00",48,1.793,920
"2012-08-05 18:00:00",49,1.795,920
"2012-08-05 18:30:00",50,1.794,920
"2012-08-05 19:00:00",51,1.792,920
"2012-08-05 19:30:00",52,1.795,920
"2012-08-05 20:00:00",53,1.797,920
"2012-08-05 20:30:00",54,1.797,920
"2012-08-05 21:00:00",55,1.798,920
"2012-08-05 21:30:00",56,1.8,921
"2012-08-05 22:00:00",57,1.803,921
"2012-08-05 22:30:00",58,1.804,921
"2012-08-05 23:00:00",59,1.808,921
"2012-08-05 23:30:00",60,1.819,922
"2012-08-06 00:00:00",61,1.815,922
"2012-08-06 00:30:00",62,1.816,922
"2012-08-06 01:00:00",63,1.816,922
"2012-08-06 01:30:00",64,1.817,922
"2012-08-06 02:00:00",65,1.819,922
"2012-08-06 02:30:00",66,1.822,922
"2012-08-06 03:00:00",67,1.822,922
"2012-08-06 03:30:00",68,1.82,922
"2012-08-06 04:00:00",69,1.819,922
"2012-08-06 04:30:00",70,1.818,923
"2012-08-06 05:00:00",71,1.817,923
"2012-08-06 05:30:00",72,1.809,922
"2012-08-06 06:00:00",73,1.813,922
"2012-08-06 06:30:00",74,1.811,922
"2012-08-06 07:00:00",75,1.811,923
"2012-08-06 07:30:00",76,1.812,923
"2012-08-06 08:00:00",77,1.811,923
"2012-08-06 08:30:00",78,1.812,922
"2012-08-06 09:00:00",79,1.811,923
"2012-08-06 09:30:00",80,1.809,923
"2012-08-06 10:00:00",81,1.809,923
"2012-08-06 10:30:00",82,1.808,922
"2012-08-06 11:00:00",83,1.804,922
"2012-08-06 11:30:00",84,1.803,922
"2012-08-06 12:00:00",85,1.8,922
"2012-08-06 12:30:00",86,1.797,922
"2012-08-06 13:00:00",87,1.796,922
"2012-08-06 13:30:00",88,1.798,922
"2012-08-06 14:00:00",89,1.797,922
"2012-08-06 14:30:00",90,1.796,922
"2012-08-06 15:00:00",91,1.795,922
"2012-08-06 15:30:00",92,1.792,922
"2012-08-06 16:00:00",93,1.791,922
"2012-08-06 16:30:00",94,1.788,922
"2012-08-06 17:00:00",95,1.788,921
"2012-08-06 17:30:00",96,1.786,921
"2012-08-06 18:00:00",97,1.786,921
"2012-08-06 18:30:00",98,1.787,921
"2012-08-06 19:00:00",99,1.791,921
"2012-08-06 19:30:00",100,1.788,921
"2012-08-06 20:00:00",101,1.792,921
"2012-08-06 20:30:00",102,1.791,921
"2012-08-06 21:00:00",103,1.791,922
"2012-08-06 21:30:00",104,1.792,921
"2012-08-06 22:00:00",105,1.797,922
"2012-08-06 22:30:00",106,1.799,922
"2012-08-06 23:00:00",107,1.803,922
"2012-08-06 23:30:00",108,1.811,922
"2012-08-07 00:00:00",109,1.814,922
"2012-08-07 00:30:00",110,1.817,922
"2012-08-07 01:00:00",111,1.822,923
"2012-08-07 01:30:00",112,1.822,923
"2012-08-07 02:00:00",113,1.825,923
"2012-08-07 02:30:00",114,1.824,923
"2012-08-07 03:00:00",115,1.825,923
"2012-08-07 03:30:00",116,1.825,923
"2012-08-07 04:00:00",117,1.824,923
"2012-08-07 04:30:00",118,1.821,923
"2012-08-07 05:00:00",119,1.821,923
"2012-08-07 05:30:00",120,1.818,923
"2012-08-07 06:00:00",121,1.824,923
"2012-08-07 06:30:00",122,1.822,923
"2012-08-07 07:00:00",123,1.816,923
"2012-08-07 07:30:00",124,1.811,923
"2012-08-07 08:00:00",125,1.806,923
"2012-08-07 08:30:00",126,1.805,923
"2012-08-07 09:00:00",127,1.807,923
"2012-08-07 09:30:00",128,1.805,923
"2012-08-07 10:00:00",129,1.803,923
"2012-08-07 10:30:00",130,1.8,923
"2012-08-07 11:00:00",131,1.794,923
"2012-08-07 11:30:00",132,1.795,923
"2012-08-07 12:00:00",133,1.794,922
"2012-08-07 12:30:00",134,1.79,922
"2012-08-07 13:00:00",135,1.789,922
"2012-08-07 13:30:00",136,1.79,921
"2012-08-07 14:00:00",137,1.79,921
"2012-08-07 14:30:00",138,1.787,921
"2012-08-07 15:00:00",139,1.784,920
"2012-08-07 15:30:00",140,1.783,920
"2012-08-07 16:00:00",141,1.78,920
"2012-08-07 16:30:00",142,1.773,920
"2012-08-07 17:00:00",143,1.778,919
"2012-08-07 17:30:00",144,1.779,919
"2012-08-07 18:00:00",145,1.778,919
"2012-08-07 18:30:00",146,1.774,919
"2012-08-07 19:00:00",147,1.777,919
"2012-08-07 19:30:00",148,1.779,919
"2012-08-07 20:00:00",149,1.782,919
"2012-08-07 20:30:00",150,1.786,919
"2012-08-07 21:00:00",151,1.785,919
"2012-08-07 21:30:00",152,1.787,919
"2012-08-07 22:00:00",153,1.79,919
"2012-08-07 22:30:00",154,1.797,919
"2012-08-07 23:00:00",155,1.791,919
"2012-08-07 23:30:00",156,1.797,919
"2012-08-08 00:00:00",157,1.798,919
"2012-08-08 00:30:00",158,1.8,920
"2012-08-08 01:00:00",159,1.803,920
"2012-08-08 01:30:00",160,1.806,920
"2012-08-08 02:00:00",161,1.808,920
"2012-08-08 02:30:00",162,1.809,920
"2012-08-08 03:00:00",163,1.806,920
"2012-08-08 03:30:00",164,1.809,920
"2012-08-08 04:00:00",165,1.811,920
"2012-08-08 04:30:00",166,1.812,920
"2012-08-08 05:00:00",167,1.816,920
"2012-08-08 05:30:00",168,1.818,920
"2012-08-08 06:00:00",169,1.817,920
"2012-08-08 06:30:00",170,1.814,920
"2012-08-08 07:00:00",171,1.811,920
"2012-08-08 07:30:00",172,1.809,920
"2012-08-08 08:00:00",173,1.809,920
"2012-08-08 08:30:00",174,1.806,920
"2012-08-08 09:00:00",175,1.806,920
"2012-08-08 09:30:00",176,1.802,920
"2012-08-08 10:00:00",177,1.798,920
"2012-08-08 10:30:00",178,1.794,920
"2012-08-08 11:00:00",179,1.793,920
"2012-08-08 11:30:00",180,1.786,919
"2012-08-08 12:00:00",181,1.792,919
"2012-08-08 12:30:00",182,1.789,919
"2012-08-08 13:00:00",183,1.794,919
"2012-08-08 13:30:00",184,1.79,919
"2012-08-08 14:00:00",185,1.788,919
"2012-08-08 14:30:00",186,1.79,919
"2012-08-08 15:00:00",187,1.787,919
"2012-08-08 15:30:00",188,1.783,918
"2012-08-08 16:00:00",189,1.782,918
"2012-08-08 16:30:00",190,1.782,918
"2012-08-08 17:00:00",191,1.78,918
"2012-08-08 17:30:00",192,1.783,917
"2012-08-08 18:00:00",193,1.784,917
"2012-08-08 18:30:00",194,1.783,917
"2012-08-08 19:00:00",195,1.787,917
"2012-08-08 19:30:00",196,1.79,917
"2012-08-08 20:00:00",197,1.791,918
"2012-08-08 20:30:00",198,1.792,917
"2012-08-08 21:00:00",199,1.79,918
"2012-08-08 21:30:00",200,1.793,918
"2012-08-08 22:00:00",201,1.794,918
"2012-08-08 22:30:00",202,1.794,918
"2012-08-08 23:00:00",203,1.797,918
"2012-08-08 23:30:00",204,1.796,918
"2012-08-09 00:00:00",205,1.797,919
"2012-08-09 00:30:00",206,1.798,919
"2012-08-09 01:00:00",207,1.799,919
"2012-08-09 01:30:00",208,1.801,919
"2012-08-09 02:00:00",209,1.802,919
"2012-08-09 02:30:00",210,1.803,919
"2012-08-09 03:00:00",211,1.802,919
"2012-08-09 03:30:00",212,1.802,919
"2012-08-09 04:00:00",213,1.802,919
"2012-08-09 04:30:00",214,1.803,919
"2012-08-09 05:00:00",215,1.803,919
"2012-08-09 05:30:00",216,1.804,919
"2012-08-09 06:00:00",217,1.804,919
"2012-08-09 06:30:00",218,1.808,919
"2012-08-09 07:00:00",219,1.809,920
"2012-08-09 07:30:00",220,1.811,920
"2012-08-09 08:00:00",221,1.812,921
"2012-08-09 08:30:00",222,1.813,921
"2012-08-09 09:00:00",223,1.813,921
"2012-08-09 09:30:00",224,1.813,921
"2012-08-09 10:00:00",225,1.814,922
"2012-08-09 10:30:00",226,1.814,922
"2012-08-09 11:00:00",227,1.813,922
"2012-08-09 11:30:00",228,1.814,922
"2012-08-09 12:00:00",229,1.811,923
"2012-08-09 12:30:00",230,1.811,923
"2012-08-09 13:00:00",231,1.809,923
"2012-08-09 13:30:00",232,1.811,923
"2012-08-09 14:00:00",233,1.81,923
"2012-08-09 14:30:00",234,1.809,923
"2012-08-09 15:00:00",235,1.809,923
"2012-08-09 15:30:00",236,1.809,923
"2012-08-09 16:00:00",237,1.807,923
"2012-08-09 16:30:00",238,1.807,923
"2012-08-09 17:00:00",239,1.809,923
"2012-08-09 17:30:00",240,1.809,924
"2012-08-09 18:00:00",241,1.808,924
"2012-08-09 18:30:00",242,1.808,924
"2012-08-09 19:00:00",243,1.808,924
"2012-08-09 19:30:00",244,1.809,924
"2012-08-09 20:00:00",245,1.808,924
"2012-08-09 20:30:00",246,1.81,924
"2012-08-09 21:00:00",247,1.811,924
"2012-08-09 21:30:00",248,1.812,924
"2012-08-09 22:00:00",249,1.814,925
"2012-08-09 22:30:00",250,1.815,925
"2012-08-09 23:00:00",251,1.815,925
"2012-08-09 23:30:00",252,1.816,925
"2012-08-10 00:00:00",253,1.816,925
"2012-08-10 00:30:00",254,1.817,925
"2012-08-10 01:00:00",255,1.817,925
"2012-08-10 01:30:00",256,1.817,926
"2012-08-10 02:00:00",257,1.817,926
"2012-08-10 02:30:00",258,1.817,926
"2012-08-10 03:00:00",259,1.818,926
"2012-08-10 03:30:00",260,1.818,926
"2012-08-10 04:00:00",261,1.818,926
"2012-08-10 04:30:00",262,1.818,926
"2012-08-10 05:00:00",263,1.818,927
"2012-08-10 05:30:00",264,1.818,927
"2012-08-10 06:00:00",265,1.818,927
"2012-08-10 06:30:00",266,1.818,927
"2012-08-10 07:00:00",267,1.819,927
"2012-08-10 07:30:00",268,1.818,927
"2012-08-10 08:00:00",269,1.817,928
"2012-08-10 08:30:00",270,1.817,928
"2012-08-10 09:00:00",271,1.817,928
"2012-08-10 09:30:00",272,1.817,928
"2012-08-10 10:00:00",273,1.815,928
"2012-08-10 10:30:00",274,1.815,928
"2012-08-10 11:00:00",275,1.813,928
"2012-08-10 11:30:00",276,1.813,928
"2012-08-10 12:00:00",277,1.812,928
"2012-08-10 12:30:00",278,1.81,928
"2012-08-10 13:00:00",279,1.805,928
"2012-08-10 13:30:00",280,1.806,928
"2012-08-10 14:00:00",281,1.802,928
"2012-08-10 14:30:00",282,1.802,928
"2012-08-10 15:00:00",283,1.8,928
"2012-08-10 15:30:00",284,1.797,927
"2012-08-10 16:00:00",285,1.799,927
"2012-08-10 16:30:00",286,1.796,927
"2012-08-10 17:00:00",287,1.793,927
"2012-08-10 17:30:00",288,1.794,927
"2012-08-10 18:00:00",289,1.791,926
"2012-08-10 18:30:00",290,1.793,926
"2012-08-10 19:00:00",291,1.791,926
"2012-08-10 19:30:00",292,1.792,926
"2012-08-10 20:00:00",293,1.794,926
"2012-08-10 20:30:00",294,1.794,926
"2012-08-10 21:00:00",295,1.795,926
"2012-08-10 21:30:00",296,1.796,926
"2012-08-10 22:00:00",297,1.796,926
"2012-08-10 22:30:00",298,1.8,926
"2012-08-10 23:00:00",299,1.803,926
"2012-08-10 23:30:00",300,1.799,926
"2012-08-11 00:00:00",301,1.801,927
"2012-08-11 00:30:00",302,1.804,927
"2012-08-11 01:00:00",303,1.803,927
"2012-08-11 01:30:00",304,1.803,927
"2012-08-11 02:00:00",305,1.805,927
"2012-08-11 02:30:00",306,1.804,927
"2012-08-11 03:00:00",307,1.808,927
"2012-08-11 03:30:00",308,1.808,927
"2012-08-11 04:00:00",309,1.809,927
"2012-08-11 04:30:00",310,1.809,927
"2012-08-11 05:00:00",311,1.81,927
"2012-08-11 05:30:00",312,1.811,927
"2012-08-11 06:00:00",313,1.814,927
"2012-08-11 06:30:00",314,1.817,927
"2012-08-11 07:00:00",315,1.814,928
"2012-08-11 07:30:00",316,1.812,928
"2012-08-11 08:00:00",317,1.812,928
"2012-08-11 08:30:00",318,1.81,928
"2012-08-11 09:00:00",319,1.81,928
"2012-08-11 09:30:00",320,1.81,928
"2012-08-11 10:00:00",321,1.807,928
"2012-08-11 10:30:00",322,1.802,928
"2012-08-11 11:00:00",323,1.804,928
"2012-08-11 11:30:00",324,1.803,928
"2012-08-11 12:00:00",325,1.801,927
"2012-08-11 12:30:00",326,1.798,927
"2012-08-11 13:00:00",327,1.795,927
"2012-08-11 13:30:00",328,1.796,927
"2012-08-11 14:00:00",329,1.797,927
"2012-08-11 14:30:00",330,1.79,927
"2012-08-11 15:00:00",331,1.797,927
"2012-08-11 15:30:00",332,1.792,927
"2012-08-11 16:00:00",333,1.789,927
"2012-08-11 16:30:00",334,1.79,926
"2012-08-11 17:00:00",335,1.789,927
"2012-08-11 17:30:00",336,1.793,926
"2012-08-11 18:00:00",337,1.792,926
"2012-08-11 18:30:00",338,1.792,926
"2012-08-11 19:00:00",339,1.79,926
"2012-08-11 19:30:00",340,1.798,926
"2012-08-11 20:00:00",341,1.795,926
"2012-08-11 20:30:00",342,1.791,926
"2012-08-11 21:00:00",343,1.791,926
"2012-08-11 21:30:00",344,1.795,926
"2012-08-11 22:00:00",345,1.799,926
"2012-08-11 22:30:00",346,1.802,926
"2012-08-11 23:00:00",347,1.802,926
"2012-08-11 23:30:00",348,1.801,926
"2012-08-12 00:00:00",349,1.803,926
"2012-08-12 00:30:00",350,1.805,927
"2012-08-12 01:00:00",351,1.803,927
"2012-08-12 01:30:00",352,1.806,927
"2012-08-12 02:00:00",353,1.809,927
"2012-08-12 02:30:00",354,1.806,927
"2012-08-12 03:00:00",355,1.805,927
"2012-08-12 03:30:00",356,1.807,927
"2012-08-12 04:00:00",357,1.807,927
"2012-08-12 04:30:00",358,1.806,926
"2012-08-12 05:00:00",359,1.807,926
"2012-08-12 05:30:00",360,1.809,926
"2012-08-12 06:00:00",361,1.81,926
"2012-08-12 06:30:00",362,1.808,926
"2012-08-12 07:00:00",363,1.809,926
"2012-08-12 07:30:00",364,1.807,926
"2012-08-12 08:00:00",365,1.807,926
"2012-08-12 08:30:00",366,1.805,926
"2012-08-12 09:00:00",367,1.805,926
"2012-08-12 09:30:00",368,1.805,926
"2012-08-12 10:00:00",369,1.801,925
"2012-08-12 10:30:00",370,1.8,925
"2012-08-12 11:00:00",371,1.802,925
"2012-08-12 11:30:00",372,1.8,925
"2012-08-12 12:00:00",373,1.796,925
"2012-08-12 12:30:00",374,1.798,925
"2012-08-12 13:00:00",375,1.795,925
"2012-08-12 13:30:00",376,1.794,924
"2012-08-12 14:00:00",377,1.788,924
"2012-08-12 14:30:00",378,1.792,924
"2012-08-12 15:00:00",379,1.79,923
"2012-08-12 15:30:00",380,1.787,923
"2012-08-12 16:00:00",381,1.787,923
"2012-08-12 16:30:00",382,1.782,923
"2012-08-12 17:00:00",383,1.782,922
"2012-08-12 17:30:00",384,1.783,922
"2012-08-12 18:00:00",385,1.781,922
"2012-08-12 18:30:00",386,1.785,922
"2012-08-12 19:00:00",387,1.784,922
"2012-08-12 19:30:00",388,1.785,922
"2012-08-12 20:00:00",389,1.79,922
"2012-08-12 20:30:00",390,1.79,922
"2012-08-12 21:00:00",391,1.791,922
"2012-08-12 21:30:00",392,1.792,922
"2012-08-12 22:00:00",393,1.795,923
"2012-08-12 22:30:00",394,1.796,923
"2012-08-12 23:00:00",395,1.796,923
"2012-08-12 23:30:00",396,1.799,923
"2012-08-13 00:00:00",397,1.801,923
"2012-08-13 00:30:00",398,1.8,924
"2012-08-13 01:00:00",399,1.8,924
"2012-08-13 01:30:00",400,1.803,924
"2012-08-13 02:00:00",401,1.803,924
"2012-08-13 02:30:00",402,1.804,924
"2012-08-13 03:00:00",403,1.805,924
"2012-08-13 03:30:00",404,1.805,924
"2012-08-13 04:00:00",405,1.806,924
"2012-08-13 04:30:00",406,1.806,924
"2012-08-13 05:00:00",407,1.807,924
"2012-08-13 05:30:00",408,1.808,924
"2012-08-13 06:00:00",409,1.809,924
"2012-08-13 06:30:00",410,1.81,924
"2012-08-13 07:00:00",411,1.81,924
"2012-08-13 07:30:00",412,1.809,924
"2012-08-13 08:00:00",413,1.809,924
"2012-08-13 08:30:00",414,1.808,925
"2012-08-13 09:00:00",415,1.808,925
"2012-08-13 09:30:00",416,1.809,925
"2012-08-13 10:00:00",417,1.807,925
"2012-08-13 10:30:00",418,1.807,925
"2012-08-13 11:00:00",419,1.806,925
"2012-08-13 11:30:00",420,1.805,925
"2012-08-13 12:00:00",421,1.803,925
"2012-08-13 12:30:00",422,1.803,926
"2012-08-13 13:00:00",423,1.797,926
"2012-08-13 13:30:00",424,1.791,926
"2012-08-13 14:00:00",425,1.795,926
"2012-08-13 14:30:00",426,1.794,926
"2012-08-13 15:00:00",427,1.789,926
"2012-08-13 15:30:00",428,1.794,926
"2012-08-13 16:00:00",429,1.79,926
"2012-08-13 16:30:00",430,1.789,926
"2012-08-13 17:00:00",431,1.786,926
"2012-08-13 17:30:00",432,1.788,926
"2012-08-13 18:00:00",433,1.786,925
"2012-08-13 18:30:00",434,1.786,925
"2012-08-13 19:00:00",435,1.785,926
"2012-08-13 19:30:00",436,1.785,926
"2012-08-13 20:00:00",437,1.786,926
"2012-08-13 20:30:00",438,1.784,926
"2012-08-13 21:00:00",439,1.791,926
"2012-08-13 21:30:00",440,1.799,926
"2012-08-13 22:00:00",441,1.8,927
"2012-08-13 22:30:00",442,1.807,927
"2012-08-13 23:00:00",443,1.807,927
"2012-08-13 23:30:00",444,1.803,928
"2012-08-14 00:00:00",445,1.81,928
"2012-08-14 00:30:00",446,1.81,928
"2012-08-14 01:00:00",447,1.81,928
"2012-08-14 01:30:00",448,1.812,929
"2012-08-14 02:00:00",449,1.812,929
"2012-08-14 02:30:00",450,1.815,929
"2012-08-14 03:00:00",451,1.815,929
"2012-08-14 03:30:00",452,1.821,929
"2012-08-14 04:00:00",453,1.818,929
"2012-08-14 04:30:00",454,1.817,929
"2012-08-14 05:00:00",455,1.82,929
"2012-08-14 05:30:00",456,1.819,930
"2012-08-14 06:00:00",457,1.819,930
"2012-08-14 06:30:00",458,1.819,930
"2012-08-14 07:00:00",459,1.819,930
"2012-08-14 07:30:00",460,1.817,930
"2012-08-14 08:00:00",461,1.812,930
"2012-08-14 08:30:00",462,1.807,930
"2012-08-14 09:00:00",463,1.8,930
"2012-08-14 09:30:00",464,1.797,930
"2012-08-14 10:00:00",465,1.793,930
"2012-08-14 10:30:00",466,1.791,930
"2012-08-14 11:00:00",467,1.792,930
"2012-08-14 11:30:00",468,1.79,930
"2012-08-14 12:00:00",469,1.788,930
"2012-08-14 12:30:00",470,1.785,929
"2012-08-14 13:00:00",471,1.785,929
"2012-08-14 13:30:00",472,1.783,929
"2012-08-14 14:00:00",473,1.781,929
"2012-08-14 14:30:00",474,1.779,929
"2012-08-14 15:00:00",475,1.778,929
"2012-08-14 15:30:00",476,1.782,928
"2012-08-14 16:00:00",477,1.777,928
"2012-08-14 16:30:00",478,1.776,928
"2012-08-14 17:00:00",479,1.775,928
"2012-08-14 17:30:00",480,1.776,927
"2012-08-14 18:00:00",481,1.774,927
"2012-08-14 18:30:00",482,1.776,927
"2012-08-14 19:00:00",483,1.777,927
"2012-08-14 19:30:00",484,1.779,927
"2012-08-14 20:00:00",485,1.782,926
"2012-08-14 20:30:00",486,1.783,926
"2012-08-14 21:00:00",487,1.787,926
"2012-08-14 21:30:00",488,1.786,926
"2012-08-14 22:00:00",489,1.79,927
"2012-08-14 22:30:00",490,1.795,927
"2012-08-14 23:00:00",491,1.795,927
"2012-08-14 23:30:00",492,1.805,927
"2012-08-15 00:00:00",493,1.808,927
"2012-08-15 00:30:00",494,1.8,928
"2012-08-15 01:00:00",495,1.805,928
"2012-08-15 01:30:00",496,1.806,928
"2012-08-15 02:00:00",497,1.815,928
"2012-08-15 02:30:00",498,1.811,928
"2012-08-15 03:00:00",499,1.818,928
"2012-08-15 03:30:00",500,1.816,928
"2012-08-15 04:00:00",501,1.818,928
"2012-08-15 04:30:00",502,1.821,928
"2012-08-15 05:00:00",503,1.819,928
"2012-08-15 05:30:00",504,1.822,928
"2012-08-15 06:00:00",505,1.821,928
"2012-08-15 06:30:00",506,1.822,928
"2012-08-15 07:00:00",507,1.817,928
"2012-08-15 07:30:00",508,1.815,928
"2012-08-15 08:00:00",509,1.816,928
"2012-08-15 08:30:00",510,1.809,928
"2012-08-15 09:00:00",511,1.802,928
"2012-08-15 09:30:00",512,1.8,928
"2012-08-15 10:00:00",513,1.795,928
"2012-08-15 10:30:00",514,1.794,927
"2012-08-15 11:00:00",515,1.79,927
"2012-08-15 11:30:00",516,1.792,927
"2012-08-15 12:00:00",517,1.789,927
"2012-08-15 12:30:00",518,1.787,927
"2012-08-15 13:00:00",519,1.787,927
"2012-08-15 13:30:00",520,1.783,927
"2012-08-15 14:00:00",521,1.782,926
"2012-08-15 14:30:00",522,1.778,926
"2012-08-15 15:00:00",523,1.778,926
"2012-08-15 15:30:00",524,1.78,925
"2012-08-15 16:00:00",525,1.776,925
"2012-08-15 16:30:00",526,1.776,925
"2012-08-15 17:00:00",527,1.779,924
"2012-08-15 17:30:00",528,1.777,924
"2012-08-15 18:00:00",529,1.776,924
"2012-08-15 18:30:00",530,1.779,924
"2012-08-15 19:00:00",531,1.777,924
"2012-08-15 19:30:00",532,1.78,923
"2012-08-15 20:00:00",533,1.783,924
"2012-08-15 20:30:00",534,1.785,924
"2012-08-15 21:00:00",535,1.789,924
"2012-08-15 21:30:00",536,1.791,924
"2012-08-15 22:00:00",537,1.793,924
"2012-08-15 22:30:00",538,1.793,924
"2012-08-15 23:00:00",539,1.798,925
"2012-08-15 23:30:00",540,1.801,925
"2012-08-16 00:00:00",541,1.807,925
"2012-08-16 00:30:00",542,1.806,925
"2012-08-16 01:00:00",543,1.812,925
"2012-08-16 01:30:00",544,1.816,925
"2012-08-16 02:00:00",545,1.816,925
"2012-08-16 02:30:00",546,1.817,926
"2012-08-16 03:00:00",547,1.817,926
"2012-08-16 03:30:00",548,1.819,926
"2012-08-16 04:00:00",549,1.824,926
"2012-08-16 04:30:00",550,1.822,926
"2012-08-16 05:00:00",551,1.825,926
"2012-08-16 05:30:00",552,1.824,926
"2012-08-16 06:00:00",553,1.824,926
"2012-08-16 06:30:00",554,1.823,926
"2012-08-16 07:00:00",555,1.825,926
"2012-08-16 07:30:00",556,1.822,926
"2012-08-16 08:00:00",557,1.816,926
"2012-08-16 08:30:00",558,1.81,926
"2012-08-16 09:00:00",559,1.806,926
"2012-08-16 09:30:00",560,1.803,925
"2012-08-16 10:00:00",561,1.8,925
"2012-08-16 10:30:00",562,1.8,925
"2012-08-16 11:00:00",563,1.795,925
"2012-08-16 11:30:00",564,1.794,925
"2012-08-16 12:00:00",565,1.792,925
"2012-08-16 12:30:00",566,1.794,925
"2012-08-16 13:00:00",567,1.79,924
"2012-08-16 13:30:00",568,1.79,924
"2012-08-16 14:00:00",569,1.787,924
"2012-08-16 14:30:00",570,1.788,924
"2012-08-16 15:00:00",571,1.783,923
"2012-08-16 15:30:00",572,1.783,923
"2012-08-16 16:00:00",573,1.783,923
"2012-08-16 16:30:00",574,1.782,922
"2012-08-16 17:00:00",575,1.779,922
"2012-08-16 17:30:00",576,1.782,922
"2012-08-16 18:00:00",577,1.782,921
"2012-08-16 18:30:00",578,1.782,921
"2012-08-16 19:00:00",579,1.786,921
"2012-08-16 19:30:00",580,1.784,921
"2012-08-16 20:00:00",581,1.787,921
"2012-08-16 20:30:00",582,1.79,921
"2012-08-16 21:00:00",583,1.794,921
"2012-08-16 21:30:00",584,1.797,921
"2012-08-16 22:00:00",585,1.796,921
"2012-08-16 22:30:00",586,1.804,922
"2012-08-16 23:00:00",587,1.804,922
"2012-08-16 23:30:00",588,1.803,922
"2012-08-17 00:00:00",589,1.804,922
"2012-08-17 00:30:00",590,1.813,922
"2012-08-17 01:00:00",591,1.809,922
"2012-08-17 01:30:00",592,1.815,922
"2012-08-17 02:00:00",593,1.825,922
"2012-08-17 02:30:00",594,1.819,922
"2012-08-17 03:00:00",595,1.824,922
"2012-08-17 03:30:00",596,1.827,922
"2012-08-17 04:00:00",597,1.826,922
"2012-08-17 04:30:00",598,1.809,922
"2012-08-17 05:00:00",599,1.828,921
"2012-08-17 05:30:00",600,1.827,922
"2012-08-17 06:00:00",601,1.824,921
"2012-08-17 06:30:00",602,1.823,921
"2012-08-17 07:00:00",603,1.822,921
"2012-08-17 07:30:00",604,1.819,921
"2012-08-17 08:00:00",605,1.818,921
"2012-08-17 08:30:00",606,1.816,920
"2012-08-17 09:00:00",607,1.811,920
"2012-08-17 09:30:00",608,1.81,920
"2012-08-17 10:00:00",609,1.807,920
"2012-08-17 10:30:00",610,1.806,920
"2012-08-17 11:00:00",611,1.807,920
"2012-08-17 11:30:00",612,1.802,920
"2012-08-17 12:00:00",613,1.802,919
"2012-08-17 12:30:00",614,1.8,919
"2012-08-17 13:00:00",615,1.796,919
"2012-08-17 13:30:00",616,1.798,919
"2012-08-17 14:00:00",617,1.79,919
"2012-08-17 14:30:00",618,1.795,918
"2012-08-17 15:00:00",619,1.791,918
"2012-08-17 15:30:00",620,1.79,918
"2012-08-17 16:00:00",621,1.794,918
"2012-08-17 16:30:00",622,1.795,918
"2012-08-17 17:00:00",623,1.794,918
"2012-08-17 17:30:00",624,1.794,918
"2012-08-17 18:00:00",625,1.798,917
"2012-08-17 18:30:00",626,1.794,917
"2012-08-17 19:00:00",627,1.796,917
"2012-08-17 19:30:00",628,1.796,917
"2012-08-17 20:00:00",629,1.796,917
"2012-08-17 20:30:00",630,1.797,917
"2012-08-17 21:00:00",631,1.797,917
"2012-08-17 21:30:00",632,1.799,917
"2012-08-17 22:00:00",633,1.802,917
"2012-08-17 22:30:00",634,1.805,917
"2012-08-17 23:00:00",635,1.807,917
"2012-08-17 23:30:00",636,1.808,917
"2012-08-18 00:00:00",637,1.809,917
"2012-08-18 00:30:00",638,1.809,917
"2012-08-18 01:00:00",639,1.81,917
"2012-08-18 01:30:00",640,1.811,917
"2012-08-18 02:00:00",641,1.811,917
"2012-08-18 02:30:00",642,1.811,917
"2012-08-18 03:00:00",643,1.812,918
"2012-08-18 03:30:00",644,1.813,918
"2012-08-18 04:00:00",645,1.815,918
"2012-08-18 04:30:00",646,1.814,919
"2012-08-18 05:00:00",647,1.814,919
"2012-08-18 05:30:00",648,1.814,919
"2012-08-18 06:00:00",649,1.814,920
"2012-08-18 06:30:00",650,1.815,920
"2012-08-18 07:00:00",651,1.817,920
"2012-08-18 07:30:00",652,1.817,920
"2012-08-18 08:00:00",653,1.816,920
"2012-08-18 08:30:00",654,1.815,921
"2012-08-18 09:00:00",655,1.813,921
"2012-08-18 09:30:00",656,1.81,921
"2012-08-18 10:00:00",657,1.811,921
"2012-08-18 10:30:00",658,1.806,921
"2012-08-18 11:00:00",659,1.806,921
"2012-08-18 11:30:00",660,1.806,921
"2012-08-18 12:00:00",661,1.8,922
"2012-08-18 12:30:00",662,1.798,922
"2012-08-18 13:00:00",663,1.799,922
"2012-08-18 13:30:00",664,1.795,921
"2012-08-18 14:00:00",665,1.795,921
"2012-08-18 14:30:00",666,1.793,921
"2012-08-18 15:00:00",667,1.789,921
"2012-08-18 15:30:00",668,1.79,921
"2012-08-18 16:00:00",669,1.787,921
"2012-08-18 16:30:00",670,1.789,921
"2012-08-18 17:00:00",671,1.787,920
"2012-08-18 17:30:00",672,1.787,920
"2012-08-18 18:00:00",673,1.788,920
"2012-08-18 18:30:00",674,1.788,920
"2012-08-18 19:00:00",675,1.787,920
"2012-08-18 19:30:00",676,1.788,920
"2012-08-18 20:00:00",677,1.789,920
"2012-08-18 20:30:00",678,1.786,920
"2012-08-18 21:00:00",679,1.791,920
"2012-08-18 21:30:00",680,1.792,920
"2012-08-18 22:00:00",681,1.8,920
"2012-08-18 22:30:00",682,1.798,920
"2012-08-18 23:00:00",683,1.8,920
"2012-08-18 23:30:00",684,1.804,920
"2012-08-19 00:00:00",685,1.804,921
"2012-08-19 00:30:00",686,1.814,921
"2012-08-19 01:00:00",687,1.817,921
"2012-08-19 01:30:00",688,1.817,921
"2012-08-19 02:00:00",689,1.819,921
"2012-08-19 02:30:00",690,1.817,921
"2012-08-19 03:00:00",691,1.818,921
"2012-08-19 03:30:00",692,1.82,921
"2012-08-19 04:00:00",693,1.817,921
"2012-08-19 04:30:00",694,1.818,921
"2012-08-19 05:00:00",695,1.819,921
"2012-08-19 05:30:00",696,1.818,921
"2012-08-19 06:00:00",697,1.817,920
"2012-08-19 06:30:00",698,1.817,921
"2012-08-19 07:00:00",699,1.814,921
"2012-08-19 07:30:00",700,1.813,921
"2012-08-19 08:00:00",701,1.813,921
"2012-08-19 08:30:00",702,1.812,921
"2012-08-19 09:00:00",703,1.805,922
"2012-08-19 09:30:00",704,1.805,922
"2012-08-19 10:00:00",705,1.799,922
"2012-08-19 10:30:00",706,1.799,922
"2012-08-19 11:00:00",707,1.796,922
"2012-08-19 11:30:00",708,1.795,922
"2012-08-19 12:00:00",709,1.791,921
"2012-08-19 12:30:00",710,1.785,921
"2012-08-19 13:00:00",711,1.786,921
"2012-08-19 13:30:00",712,1.788,921
"2012-08-19 14:00:00",713,1.782,921
"2012-08-19 14:30:00",714,1.783,921
"2012-08-19 15:00:00",715,1.781,920
"2012-08-19 15:30:00",716,1.776,920
"2012-08-19 16:00:00",717,1.775,920
"2012-08-19 16:30:00",718,1.78,920
"2012-08-19 17:00:00",719,1.782,920
"2012-08-19 17:30:00",720,1.776,920
"2012-08-19 18:00:00",721,1.777,920
"2012-08-19 18:30:00",722,1.779,920
"2012-08-19 19:00:00",723,1.78,920
"2012-08-19 19:30:00",724,1.78,920
"2012-08-19 20:00:00",725,1.782,920
"2012-08-19 20:30:00",726,1.785,920
"2012-08-19 21:00:00",727,1.79,920
"2012-08-19 21:30:00",728,1.791,920
"2012-08-19 22:00:00",729,1.792,921
"2012-08-19 22:30:00",730,1.795,921
"2012-08-19 23:00:00",731,1.796,921
"2012-08-19 23:30:00",732,1.803,921
"2012-08-20 00:00:00",733,1.809,921
"2012-08-20 00:30:00",734,1.81,922
"2012-08-20 01:00:00",735,1.815,922
"2012-08-20 01:30:00",736,1.815,922
"2012-08-20 02:00:00",737,1.818,922
"2012-08-20 02:30:00",738,1.818,922
"2012-08-20 03:00:00",739,1.818,922
"2012-08-20 03:30:00",740,1.819,922
"2012-08-20 04:00:00",741,1.821,922
"2012-08-20 04:30:00",742,1.825,922
"2012-08-20 05:00:00",743,1.825,922
"2012-08-20 05:30:00",744,1.824,922
"2012-08-20 06:00:00",745,1.825,922
"2012-08-20 06:30:00",746,1.824,921
"2012-08-20 07:00:00",747,1.82,921
"2012-08-20 07:30:00",748,1.82,921
"2012-08-20 08:00:00",749,1.817,921
"2012-08-20 08:30:00",750,1.806,921
"2012-08-20 09:00:00",751,1.804,921
"2012-08-20 09:30:00",752,1.8,921
"2012-08-20 10:00:00",753,1.797,921
"2012-08-20 10:30:00",754,1.794,921
"2012-08-20 11:00:00",755,1.797,921
"2012-08-20 11:30:00",756,1.795,920
"2012-08-20 12:00:00",757,1.795,920
"2012-08-20 12:30:00",758,1.792,920
"2012-08-20 13:00:00",759,1.791,920
"2012-08-20 13:30:00",760,1.788,919
"2012-08-20 14:00:00",761,1.788,919
"2012-08-20 14:30:00",762,1.79,919
"2012-08-20 15:00:00",763,1.79,919
"2012-08-20 15:30:00",764,1.789,919
"2012-08-20 16:00:00",765,1.788,919
"2012-08-20 16:30:00",766,1.788,919
"2012-08-20 17:00:00",767,1.788,919
"2012-08-20 17:30:00",768,1.786,919
"2012-08-20 18:00:00",769,1.789,919
"2012-08-20 18:30:00",770,1.787,919
"2012-08-20 19:00:00",771,1.788,919
"2012-08-20 19:30:00",772,1.79,919
"2012-08-20 20:00:00",773,1.787,919
"2012-08-20 20:30:00",774,1.791,919
"2012-08-20 21:00:00",775,1.793,919
"2012-08-20 21:30:00",776,1.796,919
"2012-08-20 22:00:00",777,1.798,920
"2012-08-20 22:30:00",778,1.799,920
"2012-08-20 23:00:00",779,1.802,920
"2012-08-20 23:30:00",780,1.805,920
"2012-08-21 00:00:00",781,1.811,921
"2012-08-21 00:30:00",782,1.82,921
"2012-08-21 01:00:00",783,1.817,921
"2012-08-21 01:30:00",784,1.817,921
"2012-08-21 02:00:00",785,1.815,921
"2012-08-21 02:30:00",786,1.817,921
"2012-08-21 03:00:00",787,1.818,922
"2012-08-21 03:30:00",788,1.82,922
"2012-08-21 04:00:00",789,1.818,922
"2012-08-21 04:30:00",790,1.808,922
"2012-08-21 05:00:00",791,1.814,922
"2012-08-21 05:30:00",792,1.815,922
"2012-08-21 06:00:00",793,1.814,922
"2012-08-21 06:30:00",794,1.814,922
"2012-08-21 07:00:00",795,1.813,923
"2012-08-21 07:30:00",796,1.812,923
"2012-08-21 08:00:00",797,1.81,923
"2012-08-21 08:30:00",798,1.81,923
"2012-08-21 09:00:00",799,1.81,924
"2012-08-21 09:30:00",800,1.808,924
"2012-08-21 10:00:00",801,1.809,924
"2012-08-21 10:30:00",802,1.807,924
"2012-08-21 11:00:00",803,1.808,924
"2012-08-21 11:30:00",804,1.806,924
"2012-08-21 12:00:00",805,1.806,924
"2012-08-21 12:30:00",806,1.805,924
"2012-08-21 13:00:00",807,1.805,924
"2012-08-21 13:30:00",808,1.805,924
"2012-08-21 14:00:00",809,1.805,924
"2012-08-21 14:30:00",810,1.804,924
"2012-08-21 15:00:00",811,1.803,925
"2012-08-21 15:30:00",812,1.802,924
"2012-08-21 16:00:00",813,1.801,924
"2012-08-21 16:30:00",814,1.802,924
"2012-08-21 17:00:00",815,1.802,924
"2012-08-21 17:30:00",816,1.802,924
"2012-08-21 18:00:00",817,1.802,924
"2012-08-21 18:30:00",818,1.802,924
"2012-08-21 19:00:00",819,1.801,924
"2012-08-21 19:30:00",820,1.802,924
"2012-08-21 20:00:00",821,1.802,924
"2012-08-21 20:30:00",822,1.802,924
"2012-08-21 21:00:00",823,1.802,924
"2012-08-21 21:30:00",824,1.802,924
"2012-08-21 22:00:00",825,1.802,924
"2012-08-21 22:30:00",826,1.803,924
"2012-08-21 23:00:00",827,1.803,925
"2012-08-21 23:30:00",828,1.803,925
"2012-08-22 00:00:00",829,1.806,924
"2012-08-22 00:30:00",830,1.806,925
"2012-08-22 01:00:00",831,1.806,925
"2012-08-22 01:30:00",832,1.805,925
"2012-08-22 02:00:00",833,1.808,925
"2012-08-22 02:30:00",834,1.808,925
"2012-08-22 03:00:00",835,1.805,925
"2012-08-22 03:30:00",836,1.805,925
"2012-08-22 04:00:00",837,1.805,924
"2012-08-22 04:30:00",838,1.805,924
"2012-08-22 05:00:00",839,1.805,924
"2012-08-22 05:30:00",840,1.805,924
"2012-08-22 06:00:00",841,1.805,924
"2012-08-22 06:30:00",842,1.805,924
"2012-08-22 07:00:00",843,1.806,924
"2012-08-22 07:30:00",844,1.808,924
"2012-08-22 08:00:00",845,1.806,924
"2012-08-22 08:30:00",846,1.805,924
"2012-08-22 09:00:00",847,1.803,924
"2012-08-22 09:30:00",848,1.804,924
"2012-08-22 10:00:00",849,1.804,924
"2012-08-22 10:30:00",850,1.803,924
"2012-08-22 11:00:00",851,1.803,924
"2012-08-22 11:30:00",852,1.802,924
"2012-08-22 12:00:00",853,1.801,924
"2012-08-22 12:30:00",854,1.8,924
"2012-08-22 13:00:00",855,1.801,923
"2012-08-22 13:30:00",856,1.799,923
"2012-08-22 14:00:00",857,1.799,923
"2012-08-22 14:30:00",858,1.793,923
"2012-08-22 15:00:00",859,1.793,923
"2012-08-22 15:30:00",860,1.795,923
"2012-08-22 16:00:00",861,1.795,922
"2012-08-22 16:30:00",862,1.793,922
"2012-08-22 17:00:00",863,1.792,922
"2012-08-22 17:30:00",864,1.791,922
"2012-08-22 18:00:00",865,1.792,921
"2012-08-22 18:30:00",866,1.789,921
"2012-08-22 19:00:00",867,1.791,921
"2012-08-22 19:30:00",868,1.789,921
"2012-08-22 20:00:00",869,1.791,921
"2012-08-22 20:30:00",870,1.792,921
"2012-08-22 21:00:00",871,1.798,920
"2012-08-22 21:30:00",872,1.805,920
"2012-08-22 22:00:00",873,1.809,920
"2012-08-22 22:30:00",874,1.812,920
"2012-08-22 23:00:00",875,1.817,920
"2012-08-22 23:30:00",876,1.813,920
"2012-08-23 00:00:00",877,1.817,920
"2012-08-23 00:30:00",878,1.817,920
"2012-08-23 01:00:00",879,1.818,920
"2012-08-23 01:30:00",880,1.818,920
"2012-08-23 02:00:00",881,1.819,920
"2012-08-23 02:30:00",882,1.82,920
"2012-08-23 03:00:00",883,1.821,920
"2012-08-23 03:30:00",884,1.823,919
"2012-08-23 04:00:00",885,1.824,920
"2012-08-23 04:30:00",886,1.824,919
"2012-08-23 05:00:00",887,1.824,919
"2012-08-23 05:30:00",888,1.824,919
"2012-08-23 06:00:00",889,1.82,919
"2012-08-23 06:30:00",890,1.821,919
"2012-08-23 07:00:00",891,1.817,919
"2012-08-23 07:30:00",892,1.821,919
"2012-08-23 08:00:00",893,1.815,919
"2012-08-23 08:30:00",894,1.811,918
"2012-08-23 09:00:00",895,1.807,918
"2012-08-23 09:30:00",896,1.805,918
"2012-08-23 10:00:00",897,1.801,918
"2012-08-23 10:30:00",898,1.801,918
"2012-08-23 11:00:00",899,1.795,917
"2012-08-23 11:30:00",900,1.794,917
"2012-08-23 12:00:00",901,1.794,917
"2012-08-23 12:30:00",902,1.791,917
"2012-08-23 13:00:00",903,1.791,916
"2012-08-23 13:30:00",904,1.786,916
"2012-08-23 14:00:00",905,1.788,916
"2012-08-23 14:30:00",906,1.784,916
"2012-08-23 15:00:00",907,1.782,916
"2012-08-23 15:30:00",908,1.782,915
"2012-08-23 16:00:00",909,1.78,915
"2012-08-23 16:30:00",910,1.782,915
"2012-08-23 17:00:00",911,1.78,915
"2012-08-23 17:30:00",912,1.782,915
"2012-08-23 18:00:00",913,1.783,915
"2012-08-23 18:30:00",914,1.782,915
"2012-08-23 19:00:00",915,1.782,915
"2012-08-23 19:30:00",916,1.78,915
"2012-08-23 20:00:00",917,1.785,915
"2012-08-23 20:30:00",918,1.79,916
"2012-08-23 21:00:00",919,1.794,916
"2012-08-23 21:30:00",920,1.794,916
"2012-08-23 22:00:00",921,1.8,917
"2012-08-23 22:30:00",922,1.8,917
"2012-08-23 23:00:00",923,1.804,917
"2012-08-23 23:30:00",924,1.81,918
"2012-08-24 00:00:00",925,1.809,918
"2012-08-24 00:30:00",926,1.801,918
"2012-08-24 01:00:00",927,1.814,919
"2012-08-24 01:30:00",928,1.813,919
"2012-08-24 02:00:00",929,1.816,919
"2012-08-24 02:30:00",930,1.82,919
"2012-08-24 03:00:00",931,1.821,919
"2012-08-24 03:30:00",932,1.823,920
"2012-08-24 04:00:00",933,1.825,920
"2012-08-24 04:30:00",934,1.824,920
"2012-08-24 05:00:00",935,1.824,920
"2012-08-24 05:30:00",936,1.823,920
"2012-08-24 06:00:00",937,1.818,920
"2012-08-24 06:30:00",938,1.817,921
"2012-08-24 07:00:00",939,1.818,921
"2012-08-24 07:30:00",940,1.819,921
"2012-08-24 08:00:00",941,1.817,921
"2012-08-24 08:30:00",942,1.81,922
"2012-08-24 09:00:00",943,1.805,922
"2012-08-24 09:30:00",944,1.8,922
"2012-08-24 10:00:00",945,1.8,922
"2012-08-24 10:30:00",946,1.796,922
"2012-08-24 11:00:00",947,1.794,922
"2012-08-24 11:30:00",948,1.795,922
"2012-08-24 12:00:00",949,1.788,921
"2012-08-24 12:30:00",950,1.793,921
"2012-08-24 13:00:00",951,1.785,921
"2012-08-24 13:30:00",952,1.791,921
"2012-08-24 14:00:00",953,1.786,921
"2012-08-24 14:30:00",954,1.786,921
"2012-08-24 15:00:00",955,1.785,920
"2012-08-24 15:30:00",956,1.783,920
"2012-08-24 16:00:00",957,1.783,920
"2012-08-24 16:30:00",958,1.781,919
"2012-08-24 17:00:00",959,1.776,919
"2012-08-24 17:30:00",960,1.781,919
"2012-08-24 18:00:00",961,1.782,919
"2012-08-24 18:30:00",962,1.783,919
"2012-08-24 19:00:00",963,1.782,919
"2012-08-24 19:30:00",964,1.783,918
"2012-08-24 20:00:00",965,1.786,918
"2012-08-24 20:30:00",966,1.788,919
"2012-08-24 21:00:00",967,1.793,919
"2012-08-24 21:30:00",968,1.797,919
"2012-08-24 22:00:00",969,1.798,919
"2012-08-24 22:30:00",970,1.801,919
"2012-08-24 23:00:00",971,1.803,920
"2012-08-24 23:30:00",972,1.8,920
"2012-08-25 00:00:00",973,1.803,920
"2012-08-25 00:30:00",974,1.803,920
"2012-08-25 01:00:00",975,1.801,920
"2012-08-25 01:30:00",976,1.802,920
"2012-08-25 02:00:00",977,1.804,920
"2012-08-25 02:30:00",978,1.803,920
"2012-08-25 03:00:00",979,1.805,920
"2012-08-25 03:30:00",980,1.807,920
"2012-08-25 04:00:00",981,1.807,920
"2012-08-25 04:30:00",982,1.805,920
"2012-08-25 05:00:00",983,1.807,920
"2012-08-25 05:30:00",984,1.808,921
"2012-08-25 06:00:00",985,1.81,921
"2012-08-25 06:30:00",986,1.81,921
"2012-08-25 07:00:00",987,1.811,922
"2012-08-25 07:30:00",988,1.813,922
"2012-08-25 08:00:00",989,1.815,922
"2012-08-25 08:30:00",990,1.811,922
"2012-08-25 09:00:00",991,1.81,922
"2012-08-25 09:30:00",992,1.808,922
"2012-08-25 10:00:00",993,1.806,923
"2012-08-25 10:30:00",994,1.806,923
"2012-08-25 11:00:00",995,1.807,923
"2012-08-25 11:30:00",996,1.806,923
"2012-08-25 12:00:00",997,1.805,923
"2012-08-25 12:30:00",998,1.804,923
"2012-08-25 13:00:00",999,1.803,924
"2012-08-25 13:30:00",1000,1.803,923
"2012-08-25 14:00:00",1001,1.801,923
"2012-08-25 14:30:00",1002,1.797,923
"2012-08-25 15:00:00",1003,1.795,923
"2012-08-25 15:30:00",1004,1.794,923
"2012-08-25 16:00:00",1005,1.79,923
"2012-08-25 16:30:00",1006,1.794,923
"2012-08-25 17:00:00",1007,1.792,923
"2012-08-25 17:30:00",1008,1.791,923
"2012-08-25 18:00:00",1009,1.788,922
"2012-08-25 18:30:00",1010,1.791,922
"2012-08-25 19:00:00",1011,1.791,922
"2012-08-25 19:30:00",1012,1.794,922
"2012-08-25 20:00:00",1013,1.794,922
"2012-08-25 20:30:00",1014,1.798,923
"2012-08-25 21:00:00",1015,1.802,923
"2012-08-25 21:30:00",1016,1.804,923
"2012-08-25 22:00:00",1017,1.806,923
"2012-08-25 22:30:00",1018,1.81,924
"2012-08-25 23:00:00",1019,1.809,924
"2012-08-25 23:30:00",1020,1.81,924
"2012-08-26 00:00:00",1021,1.813,924
"2012-08-26 00:30:00",1022,1.813,924
"2012-08-26 01:00:00",1023,1.815,924
"2012-08-26 01:30:00",1024,1.817,924
"2012-08-26 02:00:00",1025,1.816,924
"2012-08-26 02:30:00",1026,1.821,925
"2012-08-26 03:00:00",1027,1.819,925
"2012-08-26 03:30:00",1028,1.822,925
"2012-08-26 04:00:00",1029,1.822,925
"2012-08-26 04:30:00",1030,1.826,925
"2012-08-26 05:00:00",1031,1.826,925
"2012-08-26 05:30:00",1032,1.826,925
"2012-08-26 06:00:00",1033,1.826,925
"2012-08-26 06:30:00",1034,1.826,925
"2012-08-26 07:00:00",1035,1.827,925
"2012-08-26 07:30:00",1036,1.825,925
"2012-08-26 08:00:00",1037,1.821,925
"2012-08-26 08:30:00",1038,1.814,925
"2012-08-26 09:00:00",1039,1.81,925
"2012-08-26 09:30:00",1040,1.805,924
"2012-08-26 10:00:00",1041,1.799,924
"2012-08-26 10:30:00",1042,1.796,924
"2012-08-26 11:00:00",1043,1.795,923
"2012-08-26 11:30:00",1044,1.795,923
"2012-08-26 12:00:00",1045,1.791,922
"2012-08-26 12:30:00",1046,1.787,921
"2012-08-26 13:00:00",1047,1.788,921
"2012-08-26 13:30:00",1048,1.785,920
"2012-08-26 14:00:00",1049,1.784,920
"2012-08-26 14:30:00",1050,1.781,919
"2012-08-26 15:00:00",1051,1.781,919
"2012-08-26 15:30:00",1052,1.783,918
"2012-08-26 16:00:00",1053,1.781,918
"2012-08-26 16:30:00",1054,1.78,917
"2012-08-26 17:00:00",1055,1.781,917
"2012-08-26 17:30:00",1056,1.783,916
"2012-08-26 18:00:00",1057,1.781,916
"2012-08-26 18:30:00",1058,1.782,915
"2012-08-26 19:00:00",1059,1.782,915
"2012-08-26 19:30:00",1060,1.781,915
"2012-08-26 20:00:00",1061,1.783,914
"2012-08-26 20:30:00",1062,1.788,914
"2012-08-26 21:00:00",1063,1.791,914
"2012-08-26 21:30:00",1064,1.794,915
"2012-08-26 22:00:00",1065,1.798,915
"2012-08-26 22:30:00",1066,1.801,915
"2012-08-26 23:00:00",1067,1.805,915
"2012-08-26 23:30:00",1068,1.803,915
"2012-08-27 00:00:00",1069,1.803,916
"2012-08-27 00:30:00",1070,1.805,916
"2012-08-27 01:00:00",1071,1.806,915
"2012-08-27 01:30:00",1072,1.809,915
"2012-08-27 02:00:00",1073,1.807,916
"2012-08-27 02:30:00",1074,1.807,915
"2012-08-27 03:00:00",1075,1.808,915
"2012-08-27 03:30:00",1076,1.803,915
"2012-08-27 04:00:00",1077,1.806,915
"2012-08-27 04:30:00",1078,1.807,915
"2012-08-27 05:00:00",1079,1.809,915
"2012-08-27 05:30:00",1080,1.81,914
"2012-08-27 06:00:00",1081,1.807,914
"2012-08-27 06:30:00",1082,1.812,914
"2012-08-27 07:00:00",1083,1.811,913
"2012-08-27 07:30:00",1084,1.815,913
"2012-08-27 08:00:00",1085,1.816,913
"2012-08-27 08:30:00",1086,1.811,913
"2012-08-27 09:00:00",1087,1.801,913
"2012-08-27 09:30:00",1088,1.798,913
"2012-08-27 10:00:00",1089,1.795,912
"2012-08-27 10:30:00",1090,1.793,912
"2012-08-27 11:00:00",1091,1.795,912
"2012-08-27 11:30:00",1092,1.787,912
"2012-08-27 12:00:00",1093,1.79,912
"2012-08-27 12:30:00",1094,1.793,911
"2012-08-27 13:00:00",1095,1.785,911
"2012-08-27 13:30:00",1096,1.79,911
"2012-08-27 14:00:00",1097,1.787,910
"2012-08-27 14:30:00",1098,1.785,910
"2012-08-27 15:00:00",1099,1.787,910
"2012-08-27 15:30:00",1100,1.786,910
"2012-08-27 16:00:00",1101,1.79,911
"2012-08-27 16:30:00",1102,1.787,910
"2012-08-27 17:00:00",1103,1.793,911
"2012-08-27 17:30:00",1104,1.796,911
"2012-08-27 18:00:00",1105,1.8,911
"2012-08-27 18:30:00",1106,1.808,911
"2012-08-27 19:00:00",1107,1.808,913
"2012-08-27 19:30:00",1108,1.812,912
"2012-08-27 20:00:00",1109,1.814,911
"2012-08-27 20:30:00",1110,1.817,912
"2012-08-27 21:00:00",1111,1.817,912
"2012-08-27 21:30:00",1112,1.815,913
"2012-08-27 22:00:00",1113,1.816,913
"2012-08-27 22:30:00",1114,1.818,914
"2012-08-27 23:00:00",1115,1.815,915
"2012-08-27 23:30:00",1116,1.814,915
"2012-08-28 00:00:00",1117,1.815,915
"2012-08-28 00:30:00",1118,1.814,916
"2012-08-28 01:00:00",1119,1.815,916
"2012-08-28 01:30:00",1120,1.816,915
"2012-08-28 02:00:00",1121,1.82,913
"2012-08-28 02:30:00",1122,1.822,910
"2012-08-28 03:00:00",1123,1.82,909
"2012-08-28 03:30:00",1124,1.82,908
"2012-08-28 04:00:00",1125,1.82,907
"2012-08-28 04:30:00",1126,1.822,906
"2012-08-28 05:00:00",1127,1.819,905
"2012-08-28 05:30:00",1128,1.82,903
"2012-08-28 06:00:00",1129,1.82,920
"2012-08-28 06:30:00",1130,1.82,920
"2012-08-28 07:00:00",1131,1.822,920
"2012-08-28 07:30:00",1132,1.821,920
"2012-08-28 08:00:00",1133,1.822,921
"2012-08-28 08:30:00",1134,1.821,921
"2012-08-28 09:00:00",1135,1.821,921
"2012-08-28 09:30:00",1136,1.823,921
"2012-08-28 10:00:00",1137,1.822,921
"2012-08-28 10:30:00",1138,1.822,921
"2012-08-28 11:00:00",1139,1.82,922
"2012-08-28 11:30:00",1140,1.821,922
"2012-08-28 12:00:00",1141,1.823,922
"2012-08-28 12:30:00",1142,1.822,922
"2012-08-28 13:00:00",1143,1.818,922
"2012-08-28 13:30:00",1144,1.816,923
"2012-08-28 14:00:00",1145,1.819,923
"2012-08-28 14:30:00",1146,1.815,923
"2012-08-28 15:00:00",1147,1.817,923
"2012-08-28 15:30:00",1148,1.817,923
"2012-08-28 16:00:00",1149,1.817,923
"2012-08-28 16:30:00",1150,1.814,923
"2012-08-28 17:00:00",1151,1.813,923
"2012-08-28 17:30:00",1152,1.815,924
"2012-08-28 18:00:00",1153,1.817,924
"2012-08-28 18:30:00",1154,1.817,924
"2012-08-28 19:00:00",1155,1.815,924
"2012-08-28 19:30:00",1156,1.817,925
"2012-08-28 20:00:00",1157,1.816,925
"2012-08-28 20:30:00",1158,1.817,926
"2012-08-28 21:00:00",1159,1.816,926
"2012-08-28 21:30:00",1160,1.816,926
"2012-08-28 22:00:00",1161,1.819,926
"2012-08-28 22:30:00",1162,1.815,926
"2012-08-28 23:00:00",1163,1.817,926
"2012-08-28 23:30:00",1164,1.815,926
"2012-08-29 00:00:00",1165,1.815,926
"2012-08-29 00:30:00",1166,1.815,927
"2012-08-29 01:00:00",1167,1.817,927
"2012-08-29 01:30:00",1168,1.815,927
"2012-08-29 02:00:00",1169,1.815,927
"2012-08-29 02:30:00",1170,1.814,927
"2012-08-29 03:00:00",1171,1.815,927
"2012-08-29 03:30:00",1172,1.814,927
"2012-08-29 04:00:00",1173,1.815,927
"2012-08-29 04:30:00",1174,1.816,927
"2012-08-29 05:00:00",1175,1.819,927
"2012-08-29 05:30:00",1176,1.817,927
"2012-08-29 06:00:00",1177,1.819,927
"2012-08-29 06:30:00",1178,1.82,927
"2012-08-29 07:00:00",1179,1.82,928
"2012-08-29 07:30:00",1180,1.817,928
"2012-08-29 08:00:00",1181,1.817,928
"2012-08-29 08:30:00",1182,1.818,928
"2012-08-29 09:00:00",1183,1.817,928
"2012-08-29 09:30:00",1184,1.817,928
"2012-08-29 10:00:00",1185,1.813,928
"2012-08-29 10:30:00",1186,1.811,928
"2012-08-29 11:00:00",1187,1.81,928
"2012-08-29 11:30:00",1188,1.813,928
"2012-08-29 12:00:00",1189,1.811,928
"2012-08-29 12:30:00",1190,1.809,928
"2012-08-29 13:00:00",1191,1.809,927
"2012-08-29 13:30:00",1192,1.806,927
"2012-08-29 14:00:00",1193,1.796,927
"2012-08-29 14:30:00",1194,1.803,926
"2012-08-29 15:00:00",1195,1.797,926
"2012-08-29 15:30:00",1196,1.796,925
"2012-08-29 16:00:00",1197,1.798,925
"2012-08-29 16:30:00",1198,1.795,925
"2012-08-29 17:00:00",1199,1.795,925
"2012-08-29 17:30:00",1200,1.797,924
"2012-08-29 18:00:00",1201,1.788,924
"2012-08-29 18:30:00",1202,1.79,924
"2012-08-29 19:00:00",1203,1.792,924
"2012-08-29 19:30:00",1204,1.793,924
"2012-08-29 20:00:00",1205,1.793,924
"2012-08-29 20:30:00",1206,1.8,924
"2012-08-29 21:00:00",1207,1.805,924
"2012-08-29 21:30:00",1208,1.81,924
"2012-08-29 22:00:00",1209,1.817,924
"2012-08-29 22:30:00",1210,1.821,924
"2012-08-29 23:00:00",1211,1.818,924
"2012-08-29 23:30:00",1212,1.818,924
"2012-08-30 00:00:00",1213,1.823,924
"2012-08-30 00:30:00",1214,1.826,924
"2012-08-30 01:00:00",1215,1.824,924
"2012-08-30 01:30:00",1216,1.826,924
"2012-08-30 02:00:00",1217,1.826,924
"2012-08-30 02:30:00",1218,1.826,924
"2012-08-30 03:00:00",1219,1.828,924
"2012-08-30 03:30:00",1220,1.827,924
"2012-08-30 04:00:00",1221,1.828,924
"2012-08-30 04:30:00",1222,1.828,924
"2012-08-30 05:00:00",1223,1.83,924
"2012-08-30 05:30:00",1224,1.836,924
"2012-08-30 06:00:00",1225,1.833,924
"2012-08-30 06:30:00",1226,1.829,924
"2012-08-30 07:00:00",1227,1.829,923
"2012-08-30 07:30:00",1228,1.83,924
"2012-08-30 08:00:00",1229,1.829,924
"2012-08-30 08:30:00",1230,1.824,923
"2012-08-30 09:00:00",1231,1.818,923
"2012-08-30 09:30:00",1232,1.81,923
"2012-08-30 10:00:00",1233,1.808,923
"2012-08-30 10:30:00",1234,1.804,922
"2012-08-30 11:00:00",1235,1.807,922
"2012-08-30 11:30:00",1236,1.8,922
"2012-08-30 12:00:00",1237,1.801,922
"2012-08-30 12:30:00",1238,1.798,922
"2012-08-30 13:00:00",1239,1.797,922
"2012-08-30 13:30:00",1240,1.794,921
"2012-08-30 14:00:00",1241,1.794,921
"2012-08-30 14:30:00",1242,1.786,921
"2012-08-30 15:00:00",1243,1.787,920
"2012-08-30 15:30:00",1244,1.789,920
"2012-08-30 16:00:00",1245,1.785,920
"2012-08-30 16:30:00",1246,1.786,919
"2012-08-30 17:00:00",1247,1.784,919
"2012-08-30 17:30:00",1248,1.783,919
"2012-08-30 18:00:00",1249,1.781,918
"2012-08-30 18:30:00",1250,1.784,918
"2012-08-30 19:00:00",1251,1.784,918
"2012-08-30 19:30:00",1252,1.786,918
"2012-08-30 20:00:00",1253,1.788,918
"2012-08-30 20:30:00",1254,1.795,918
"2012-08-30 21:00:00",1255,1.798,918
"2012-08-30 21:30:00",1256,1.803,918
"2012-08-30 22:00:00",1257,1.803,918
"2012-08-30 22:30:00",1258,1.809,918
"2012-08-30 23:00:00",1259,1.813,918
"2012-08-30 23:30:00",1260,1.807,918
"2012-08-31 00:00:00",1261,1.813,918
"2012-08-31 00:30:00",1262,1.824,918
"2012-08-31 01:00:00",1263,1.824,918
"2012-08-31 01:30:00",1264,1.823,918
"2012-08-31 02:00:00",1265,1.825,918
"2012-08-31 02:30:00",1266,1.822,918
"2012-08-31 03:00:00",1267,1.826,917
"2012-08-31 03:30:00",1268,1.827,917
"2012-08-31 04:00:00",1269,1.822,917
"2012-08-31 04:30:00",1270,1.819,917
"2012-08-31 05:00:00",1271,1.823,917
"2012-08-31 05:30:00",1272,1.818,917
"2012-08-31 06:00:00",1273,1.817,917
"2012-08-31 06:30:00",1274,1.822,917
"2012-08-31 07:00:00",1275,1.825,917
"2012-08-31 07:30:00",1276,1.829,917
"2012-08-31 08:00:00",1277,1.825,917
"2012-08-31 08:30:00",1278,1.823,918
"2012-08-31 09:00:00",1279,1.811,918
"2012-08-31 09:30:00",1280,1.807,918
"2012-08-31 10:00:00",1281,1.809,918
"2012-08-31 10:30:00",1282,1.805,919
"2012-08-31 11:00:00",1283,1.804,919
"2012-08-31 11:30:00",1284,1.801,919
"2012-08-31 12:00:00",1285,1.802,919
"2012-08-31 12:30:00",1286,1.799,919
"2012-08-31 13:00:00",1287,1.799,919
"2012-08-31 13:30:00",1288,1.795,919
"2012-08-31 14:00:00",1289,1.797,918
"2012-08-31 14:30:00",1290,1.798,918
"2012-08-31 15:00:00",1291,1.795,918
"2012-08-31 15:30:00",1292,1.792,918
"2012-08-31 16:00:00",1293,1.788,918
"2012-08-31 16:30:00",1294,1.789,917
"2012-08-31 17:00:00",1295,1.789,917
"2012-08-31 17:30:00",1296,1.786,917
"2012-08-31 18:00:00",1297,1.791,917
"2012-08-31 18:30:00",1298,1.788,917
"2012-08-31 19:00:00",1299,1.793,917
"2012-08-31 19:30:00",1300,1.793,917
"2012-08-31 20:00:00",1301,1.796,917
"2012-08-31 20:30:00",1302,1.795,917
"2012-08-31 21:00:00",1303,1.799,917
"2012-08-31 21:30:00",1304,1.805,917
"2012-08-31 22:00:00",1305,1.804,917
"2012-08-31 22:30:00",1306,1.804,917
"2012-08-31 23:00:00",1307,1.806,917
"2012-08-31 23:30:00",1308,1.804,917
"2012-09-01 00:00:00",1309,1.806,916
"2012-09-01 00:30:00",1310,1.812,916
"2012-09-01 01:00:00",1311,1.813,916
"2012-09-01 01:30:00",1312,1.811,916
"2012-09-01 02:00:00",1313,1.812,916
"2012-09-01 02:30:00",1314,1.814,915
"2012-09-01 03:00:00",1315,1.822,915
"2012-09-01 03:30:00",1316,1.822,915
"2012-09-01 04:00:00",1317,1.822,914
"2012-09-01 04:30:00",1318,1.816,914
"2012-09-01 05:00:00",1319,1.819,914
"2012-09-01 05:30:00",1320,1.811,913
"2012-09-01 06:00:00",1321,1.814,913
"2012-09-01 06:30:00",1322,1.811,912
"2012-09-01 07:00:00",1323,1.813,912
"2012-09-01 07:30:00",1324,1.814,912
"2012-09-01 08:00:00",1325,1.812,912
"2012-09-01 08:30:00",1326,1.813,912
"2012-09-01 09:00:00",1327,1.811,912
"2012-09-01 09:30:00",1328,1.809,911
"2012-09-01 10:00:00",1329,1.808,911
"2012-09-01 10:30:00",1330,1.806,910
"2012-09-01 11:00:00",1331,1.804,910
"2012-09-01 11:30:00",1332,1.803,910
"2012-09-01 12:00:00",1333,1.802,910
"2012-09-01 12:30:00",1334,1.8,910
"2012-09-01 13:00:00",1335,1.799,910
"2012-09-01 13:30:00",1336,1.794,910
"2012-09-01 14:00:00",1337,1.797,910
"2012-09-01 14:30:00",1338,1.792,910
"2012-09-01 15:00:00",1339,1.788,909
"2012-09-01 15:30:00",1340,1.785,909
"2012-09-01 16:00:00",1341,1.788,909
"2012-09-01 16:30:00",1342,1.79,909
"2012-09-01 17:00:00",1343,1.794,909
"2012-09-01 17:30:00",1344,1.793,909
"2012-09-01 18:00:00",1345,1.796,909
"2012-09-01 18:30:00",1346,1.794,909
"2012-09-01 19:00:00",1347,1.795,910
"2012-09-01 19:30:00",1348,1.795,910
"2012-09-01 20:00:00",1349,1.796,910
"2012-09-01 20:30:00",1350,1.798,910
"2012-09-01 21:00:00",1351,1.802,910
"2012-09-01 21:30:00",1352,1.807,910
"2012-09-01 22:00:00",1353,1.81,910
"2012-09-01 22:30:00",1354,1.809,911
"2012-09-01 23:00:00",1355,1.813,911
"2012-09-01 23:30:00",1356,1.812,911
"2012-09-02 00:00:00",1357,1.813,911
"2012-09-02 00:30:00",1358,1.813,912
"2012-09-02 01:00:00",1359,1.817,912
"2012-09-02 01:30:00",1360,1.816,912
"2012-09-02 02:00:00",1361,1.823,913
"2012-09-02 02:30:00",1362,1.818,913
"2012-09-02 03:00:00",1363,1.819,914
"2012-09-02 03:30:00",1364,1.818,914
"2012-09-02 04:00:00",1365,1.82,915
"2012-09-02 04:30:00",1366,1.828,915
"2012-09-02 05:00:00",1367,1.831,916
"2012-09-02 05:30:00",1368,1.832,916
"2012-09-02 06:00:00",1369,1.835,916
"2012-09-02 06:30:00",1370,1.837,917
"2012-09-02 07:00:00",1371,1.829,917
"2012-09-02 07:30:00",1372,1.829,917
"2012-09-02 08:00:00",1373,1.831,917
"2012-09-02 08:30:00",1374,1.826,917
"2012-09-02 09:00:00",1375,1.816,918
"2012-09-02 09:30:00",1376,1.817,918
"2012-09-02 10:00:00",1377,1.812,918
"2012-09-02 10:30:00",1378,1.808,918
"2012-09-02 11:00:00",1379,1.806,918
"2012-09-02 11:30:00",1380,1.807,918
